factor_quantile,group,1D,6D,12D
1,Tech,-0.00024472611738504414,-0.0015058208323563361,-0.0027741626871286883
2,Tech,-0.00015340029218066168,-0.000658887804479463,-0.0017241073361700166
3,Tech,2.7200813998588732e-05,3.783509656275602e-05,0.0004626072913207928
4,Tech,0.00012884222357246224,0.0006691554162893388,0.0010117534000645874
5,Tech,0.00024208337199465473,0.0014577181239837042,0.003023909331913325
